{"color":{"r":0.738538328682335,"b":0.8136692176870748,"g":0.7366011559344776,"a":1},"name":"Slate","category":"Colors","index":2}