{"color":{"r":0.5475659013605442,"b":0.09712683513124709,"g":0.09712683513124709,"a":1},"name":"Red","category":"Colors","index":0}