{"color":{"r":0.8118888180272109,"b":0.5563796161417534,"g":0.649548477630897,"a":1},"name":"Gold","category":"Colors","index":1}