{"color":{"r":0.9280665391156463,"b":0.9280665391156463,"g":0.9280665391156463,"a":1},"name":"Light Gray","category":"Colors","index":4}